Person_ID,Age,Gender
1,51,Male
2,92,Female
3,14,Male
4,71,Male
5,60,Male
6,20,Male
7,82,Female
8,86,Female
9,74,Male
10,74,Female
11,87,Female
12,99,Male
13,23,Female
14,2,Male
15,21,Male
16,52,Female
17,1,Male
18,87,Female
19,29,Female
20,37,Male
21,1,Female
22,63,Female
23,59,Male
24,20,Female
25,32,Female
26,75,Female
27,57,Female
28,21,Male
29,88,Female
30,48,Female
31,90,Female
32,58,Female
33,41,Female
34,91,Male
35,59,Female
36,79,Female
37,14,Female
38,61,Female
39,61,Male
40,46,Male
41,61,Male
42,50,Male
43,54,Female
44,63,Female
45,2,Female
46,50,Male
47,6,Female
48,20,Male
49,72,Male
50,38,Female
51,17,Female
52,3,Male
53,88,Male
54,59,Male
55,13,Male
56,8,Female
57,89,Male
58,52,Female
59,1,Male
60,83,Male
61,91,Male
62,59,Male
63,70,Male
64,43,Male
65,7,Female
66,46,Male
67,34,Female
68,77,Male
69,80,Female
70,35,Female
71,49,Female
72,3,Female
73,1,Male
74,5,Female
75,53,Male
76,3,Female
77,53,Male
78,92,Male
79,62,Female
80,17,Female
81,89,Female
82,43,Female
83,33,Female
84,73,Male
85,61,Male
86,99,Male
87,13,Male
88,94,Female
89,47,Male
90,14,Female
91,71,Male
92,77,Female
93,86,Female
94,61,Male
95,39,Male
96,84,Male
97,79,Male
98,81,Male
99,52,Male
100,23,Male
101,25,Female
102,88,Female
103,59,Female
104,40,Male
105,28,Female
106,14,Male
107,44,Male
108,64,Female
109,88,Male
110,70,Female
111,8,Female
112,87,Male
113,0,Male
114,7,Male
115,87,Female
116,62,Male
117,10,Male
118,80,Male
119,7,Female
120,34,Male
121,34,Male
122,32,Female
123,4,Female
124,40,Male
125,27,Male
126,6,Male
127,72,Female
128,71,Male
129,11,Female
130,33,Female
131,32,Female
132,47,Male
133,22,Female
134,61,Female
135,87,Female
136,36,Male
137,98,Female
138,43,Male
139,85,Male
140,90,Male
141,34,Female
142,64,Male
143,98,Male
144,46,Male
145,77,Male
146,2,Female
147,0,Female
148,4,Male
149,89,Male
150,13,Female
151,26,Male
152,8,Male
153,78,Female
154,14,Female
155,89,Male
156,41,Female
157,76,Male
158,50,Female
159,62,Male
160,95,Male
161,51,Male
162,95,Female
163,3,Female
164,93,Male
165,22,Male
166,14,Female
167,42,Male
168,28,Male
169,35,Female
170,12,Male
171,31,Female
172,70,Female
173,58,Male
174,85,Male
175,27,Male
176,65,Female
177,41,Female
178,44,Female
179,61,Male
180,56,Female
181,5,Female
182,27,Female
183,27,Female
184,43,Female
185,83,Female
186,29,Female
187,61,Male
188,74,Male
189,91,Female
190,88,Male
191,61,Female
192,96,Female
193,0,Female
194,26,Male
195,61,Male
196,76,Male
197,2,Female
198,69,Female
199,71,Female
200,26,Male
201,8,Female
202,61,Female
203,36,Male
204,96,Female
205,50,Male
206,43,Male
207,23,Female
208,78,Male
209,58,Female
210,31,Female
211,95,Female
212,87,Male
213,51,Female
214,61,Female
215,57,Female
216,51,Male
217,11,Male
218,38,Female
219,1,Male
220,2,Female
221,55,Female
222,80,Male
223,58,Female
224,1,Female
225,1,Female
226,91,Female
227,53,Female
228,86,Male
229,95,Male
230,96,Female
231,0,Male
232,18,Male
233,1,Male
234,52,Female
235,43,Female
236,89,Female
237,31,Female
238,69,Female
239,31,Male
240,67,Female
241,54,Male
242,74,Female
243,55,Female
244,16,Male
245,37,Male
246,23,Male
247,68,Male
248,97,Male
249,69,Female
250,85,Female
251,10,Female
252,15,Female
253,96,Female
254,72,Female
255,58,Male
256,69,Female
257,79,Male
258,92,Female
259,2,Female
260,19,Female
261,58,Male
262,35,Female
263,18,Female
264,89,Male
265,66,Male
266,18,Female
267,19,Male
268,95,Female
269,70,Male
270,51,Male
271,32,Female
272,39,Male
273,38,Female
274,81,Male
275,0,Male
276,10,Female
277,91,Male
278,56,Female
279,88,Female
280,49,Female
281,22,Male
282,30,Male
283,93,Female
284,41,Female
285,98,Female
286,6,Male
287,15,Male
288,89,Female
289,59,Female
290,1,Female
291,0,Female
292,47,Female
293,11,Male
294,68,Male
295,36,Male
296,31,Male
297,8,Female
298,98,Male
299,18,Female
300,47,Male
301,79,Male
302,2,Male
303,19,Male
304,23,Female
305,53,Male
306,32,Female
307,23,Male
308,74,Male
309,71,Male
310,35,Female
311,37,Female
312,83,Male
313,98,Male
314,88,Female
315,98,Male
316,24,Male
317,92,Female
318,17,Female
319,81,Male
320,65,Female
321,53,Female
322,34,Male
323,79,Female
324,60,Female
325,40,Male
326,99,Male
327,32,Male
328,67,Female
329,32,Male
330,13,Female
331,20,Female
332,47,Male
333,19,Female
334,7,Male
335,6,Female
336,66,Female
337,16,Male
338,32,Male
339,47,Male
340,75,Male
341,58,Male
342,85,Male
343,21,Female
344,29,Male
345,37,Male
346,50,Female
347,53,Male
348,7,Female
349,26,Female
350,26,Female
351,97,Male
352,20,Male
353,29,Male
354,96,Female
355,27,Male
356,63,Male
357,96,Female
358,68,Male
359,60,Male
360,47,Male
361,18,Female
362,3,Male
363,34,Female
364,63,Female
365,48,Male
366,16,Female
367,43,Male
368,91,Male
369,29,Female
370,92,Female
371,45,Female
372,5,Male
373,98,Male
374,36,Male
375,23,Male
376,92,Male
377,45,Male
378,52,Male
379,94,Male
380,98,Male
381,59,Male
382,96,Female
383,62,Male
384,84,Female
385,31,Female
386,86,Male
387,32,Female
388,66,Female
389,17,Female
390,24,Male
391,94,Male
392,53,Male
393,57,Female
394,66,Female
395,45,Female
396,23,Female
397,31,Female
398,46,Male
399,85,Male
400,22,Female
401,65,Male
402,26,Male
403,1,Male
404,89,Male
405,16,Female
406,32,Female
407,8,Female
408,42,Female
409,47,Male
410,38,Male
411,92,Female
412,41,Male
413,25,Female
414,98,Female
415,49,Male
416,24,Female
417,23,Female
418,12,Female
419,59,Male
420,6,Male
421,56,Male
422,35,Male
423,44,Male
424,19,Female
425,64,Male
426,7,Female
427,15,Female
428,13,Female
429,75,Male
430,86,Female
431,14,Male
432,91,Male
433,97,Female
434,65,Male
435,31,Male
436,86,Female
437,62,Male
438,85,Male
439,50,Male
440,24,Female
441,57,Female
442,62,Male
443,61,Male
444,21,Male
445,57,Male
446,57,Female
447,85,Male
448,48,Male
449,51,Female
450,41,Female
451,69,Female
452,14,Male
453,53,Male
454,59,Male
455,96,Male
456,7,Female
457,52,Female
458,59,Female
459,4,Female
460,67,Male
461,5,Female
462,95,Male
463,93,Female
464,46,Male
465,98,Male
466,54,Male
467,39,Female
468,51,Male
469,15,Male
470,12,Male
471,29,Female
472,18,Female
473,16,Female
474,62,Male
475,18,Female
476,91,Male
477,57,Female
478,54,Female
479,89,Male
480,89,Male
481,61,Male
482,22,Male
483,8,Male
484,11,Female
485,0,Male
486,57,Male
487,0,Male
488,33,Male
489,95,Female
490,47,Male
491,88,Female
492,0,Female
493,15,Female
494,60,Female
495,63,Male
496,62,Female
497,68,Male
498,21,Male
499,92,Female
500,66,Female
501,75,Female
502,25,Male
503,15,Male
504,50,Female
505,85,Male
506,56,Female
507,28,Female
508,77,Male
509,91,Male
510,68,Male
511,46,Male
512,93,Female
513,61,Male
514,68,Female
515,75,Male
516,15,Female
517,89,Male
518,89,Male
519,47,Male
520,84,Female
521,38,Female
522,99,Female
523,32,Male
524,93,Male
525,22,Male
526,9,Male
527,68,Male
528,99,Female
529,33,Female
530,51,Female
531,94,Female
532,9,Male
533,18,Male
534,57,Female
535,95,Female
536,0,Male
537,68,Male
538,3,Male
539,15,Male
540,23,Female
541,79,Female
542,1,Male
543,91,Female
544,31,Female
545,90,Male
546,83,Male
547,23,Male
548,11,Male
549,49,Female
550,34,Male
551,32,Female
552,32,Male
553,60,Male
554,50,Male
555,42,Male
556,11,Male
557,66,Female
558,64,Female
559,32,Female
560,39,Male
561,73,Male
562,42,Male
563,43,Female
564,28,Male
565,12,Male
566,11,Female
567,94,Male
568,45,Male
569,1,Male
570,34,Female
571,86,Female
572,80,Male
573,89,Male
574,7,Female
575,92,Female
576,25,Male
577,73,Female
578,89,Male
579,33,Female
580,6,Female
581,67,Male
582,57,Female
583,74,Female
584,28,Female
585,35,Male
586,88,Male
587,20,Male
588,35,Female
589,9,Male
590,72,Female
591,23,Female
592,63,Male
593,98,Female
594,48,Male
595,98,Female
596,35,Male
597,81,Male
598,95,Male
599,23,Male
600,22,Female
601,61,Female
602,95,Female
603,36,Male
604,11,Male
605,54,Male
606,12,Female
607,22,Female
608,88,Male
609,98,Male
610,29,Female
611,16,Female
612,61,Female
613,83,Female
614,88,Male
615,85,Male
616,12,Female
617,58,Female
618,18,Male
619,48,Female
620,99,Female
621,11,Female
622,60,Female
623,18,Male
624,75,Female
625,8,Female
626,70,Female
627,27,Female
628,77,Female
629,94,Male
630,51,Female
631,82,Female
632,15,Female
633,68,Female
634,98,Female
635,11,Male
636,24,Male
637,51,Male
638,84,Male
639,99,Female
640,52,Female
641,22,Male
642,15,Male
643,56,Female
644,38,Male
645,52,Male
646,41,Male
647,57,Male
648,38,Male
649,13,Male
650,94,Male
651,4,Female
652,34,Male
653,86,Female
654,92,Male
655,74,Male
656,17,Female
657,75,Male
658,8,Male
659,73,Female
660,57,Female
661,16,Male
662,6,Male
663,45,Female
664,12,Male
665,39,Female
666,41,Female
667,8,Female
668,49,Male
669,26,Female
670,65,Female
671,4,Male
672,28,Male
673,36,Female
674,37,Male
675,82,Male
676,7,Male
677,64,Female
678,85,Female
679,16,Female
680,70,Male
681,88,Male
682,44,Female
683,3,Male
684,35,Male
685,69,Female
686,30,Female
687,18,Female
688,60,Female
689,53,Female
690,38,Male
691,90,Female
692,73,Female
693,89,Male
694,18,Female
695,38,Female
696,66,Female
697,44,Female
698,12,Female
699,91,Female
700,57,Male
701,19,Female
702,91,Male
703,71,Male
704,60,Male
705,38,Male
706,0,Male
707,2,Female
708,76,Female
709,91,Female
710,61,Male
711,62,Female
712,24,Female
713,55,Female
714,32,Male
715,37,Male
716,5,Male
717,57,Male
718,43,Male
719,44,Female
720,31,Male
721,44,Male
722,60,Male
723,46,Male
724,20,Male
725,79,Male
726,84,Male
727,74,Female
728,35,Female
729,98,Male
730,18,Male
731,19,Female
732,56,Male
733,17,Male
734,46,Female
735,48,Male
736,13,Female
737,14,Female
738,30,Male
739,0,Male
740,53,Female
741,2,Male
742,15,Male
743,86,Female
744,56,Female
745,74,Male
746,11,Female
747,73,Male
748,95,Female
749,15,Female
750,71,Female
751,75,Male
752,23,Female
753,27,Male
754,7,Female
755,91,Male
756,35,Male
757,89,Male
758,7,Female
759,57,Female
760,59,Male
761,49,Male
762,27,Female
763,91,Male
764,40,Male
765,99,Female
766,63,Female
767,26,Female
768,62,Male
769,16,Male
770,72,Female
771,32,Female
772,83,Female
773,76,Female
774,91,Male
775,28,Female
776,12,Male
777,45,Male
778,34,Female
779,5,Male
780,81,Male
781,68,Female
782,46,Male
783,24,Female
784,65,Male
785,9,Female
786,55,Male
787,29,Male
788,4,Female
789,32,Female
790,64,Male
791,17,Male
792,95,Female
793,48,Female
794,10,Female
795,84,Female
796,25,Male
797,62,Male
798,88,Female
799,85,Male
800,58,Male
801,26,Female
802,48,Female
803,76,Female
804,32,Female
805,97,Female
806,98,Male
807,0,Male
808,20,Male
809,54,Male
810,5,Female
811,91,Male
812,80,Male
813,68,Male
814,94,Male
815,4,Male
816,2,Male
817,52,Male
818,22,Male
819,52,Male
820,36,Female
821,73,Male
822,73,Male
823,82,Female
824,16,Male
825,84,Female
826,77,Female
827,72,Male
828,0,Female
829,50,Male
830,44,Female
831,76,Male
832,3,Female
833,61,Male
834,64,Male
835,31,Female
836,33,Male
837,91,Male
838,94,Female
839,71,Female
840,38,Male
841,25,Female
842,33,Female
843,53,Female
844,2,Male
845,49,Female
846,11,Male
847,64,Female
848,53,Male
849,4,Male
850,93,Female
851,93,Male
852,56,Female
853,16,Female
854,46,Female
855,22,Male
856,78,Female
857,84,Male
858,13,Male
859,65,Female
860,74,Male
861,50,Male
862,37,Female
863,63,Male
864,97,Male
865,37,Female
866,49,Male
867,97,Female
868,81,Female
869,29,Female
870,78,Female
871,90,Male
872,50,Male
873,62,Female
874,97,Female
875,51,Female
876,37,Male
877,96,Male
878,87,Male
879,78,Female
880,29,Male
881,50,Female
882,80,Female
883,4,Male
884,28,Female
885,3,Male
886,9,Female
887,55,Female
888,16,Female
889,73,Female
890,16,Male
891,83,Male
892,87,Female
893,68,Male
894,33,Male
895,5,Male
896,52,Female
897,65,Male
898,76,Female
899,42,Female
900,74,Male
901,22,Male
902,54,Male
903,79,Female
904,94,Male
905,74,Male
906,15,Male
907,7,Female
908,3,Male
909,3,Female
910,55,Female
911,24,Male
912,66,Female
913,95,Male
914,66,Female
915,26,Female
916,92,Female
917,31,Male
918,49,Male
919,60,Male
920,50,Male
921,18,Male
922,20,Male
923,4,Male
924,81,Male
925,91,Female
926,41,Male
927,60,Male
928,21,Male
929,20,Male
930,69,Female
931,0,Male
932,4,Female
933,11,Female
934,89,Female
935,45,Female
936,33,Female
937,48,Female
938,77,Female
939,89,Female
940,44,Female
941,26,Female
942,72,Female
943,25,Male
944,46,Male
945,85,Male
946,55,Male
947,93,Male
948,62,Male
949,47,Female
950,60,Male
951,80,Female
952,25,Male
953,35,Male
954,0,Female
955,7,Female
956,98,Male
957,51,Female
958,78,Female
959,46,Male
960,55,Male
961,85,Female
962,13,Female
963,89,Female
964,27,Female
965,86,Male
966,77,Male
967,87,Male
968,1,Female
969,25,Female
970,13,Female
971,58,Male
972,55,Male
973,6,Male
974,2,Female
975,22,Female
976,17,Male
977,37,Female
978,98,Male
979,14,Female
980,63,Male
981,88,Female
982,27,Male
983,73,Female
984,38,Male
985,56,Male
986,16,Male
987,85,Male
988,89,Male
989,43,Female
990,24,Male
991,16,Female
992,12,Female
993,83,Female
994,24,Male
995,67,Male
996,9,Female
997,66,Female
998,17,Male
999,99,Male
1000,85,Male
1001,33,Female
1002,7,Male
1003,39,Male
1004,82,Female
1005,41,Male
1006,40,Male
1007,5,Female
1008,51,Female
1009,25,Male
1010,63,Male
1011,97,Male
1012,58,Male
1013,55,Female
1014,58,Male
1015,69,Male
1016,32,Male
1017,52,Female
1018,21,Female
1019,20,Female
1020,69,Male
1021,69,Female
1022,3,Female
1023,93,Male
1024,74,Male
1025,61,Male
1026,61,Male
1027,93,Male
1028,94,Male
1029,23,Male
1030,54,Female
1031,8,Male
1032,2,Female
1033,30,Female
1034,39,Female
1035,35,Female
1036,23,Male
1037,94,Female
1038,5,Male
1039,65,Male
1040,83,Female
1041,91,Male
1042,74,Male
1043,3,Female
1044,78,Female
1045,5,Female
1046,93,Male
1047,50,Female
1048,61,Male
1049,56,Female
1050,65,Female
1051,78,Female
1052,74,Female
1053,7,Male
1054,25,Female
1055,50,Female
1056,44,Male
1057,43,Female
1058,4,Male
1059,69,Female
1060,25,Female
1061,67,Female
1062,18,Male
1063,83,Female
1064,96,Female
1065,19,Female
1066,11,Male
1067,46,Male
1068,0,Female
1069,89,Male
1070,13,Female
1071,63,Female
1072,37,Female
1073,36,Female
1074,10,Male
1075,99,Male
1076,76,Male
1077,2,Male
1078,32,Male
1079,5,Female
1080,49,Female
1081,9,Female
1082,4,Female
1083,22,Female
1084,9,Female
1085,43,Female
1086,1,Female
1087,12,Male
1088,39,Male
1089,1,Male
1090,83,Female
1091,64,Female
1092,62,Male
1093,72,Male
1094,16,Female
1095,8,Male
1096,74,Male
1097,14,Female
1098,23,Male
1099,37,Male
1100,34,Female
1101,93,Female
1102,94,Female
1103,48,Male
1104,68,Male
1105,61,Male
1106,59,Female
1107,49,Female
1108,77,Male
1109,74,Female
1110,8,Male
1111,33,Male
1112,75,Male
1113,98,Male
1114,34,Female
1115,0,Male
1116,39,Male
1117,63,Female
1118,21,Male
1119,59,Female
1120,63,Female
1121,92,Male
1122,71,Male
1123,10,Male
1124,13,Male
1125,59,Male
1126,29,Female
1127,34,Female
1128,84,Male
1129,36,Female
1130,4,Female
1131,82,Female
1132,77,Female
1133,25,Female
1134,61,Male
1135,3,Male
1136,88,Female
1137,41,Male
1138,88,Female
1139,17,Female
1140,39,Male
1141,71,Male
1142,38,Male
1143,13,Female
1144,31,Male
1145,50,Male
1146,37,Male
1147,96,Male
1148,22,Male
1149,62,Male
1150,14,Female
1151,96,Male
1152,24,Male
1153,16,Male
1154,96,Male
1155,65,Female
1156,77,Female
1157,52,Male
1158,50,Female
1159,38,Male
1160,50,Male
1161,69,Female
1162,5,Female
1163,66,Female
1164,6,Male
1165,50,Female
1166,71,Male
1167,41,Male
1168,63,Female
1169,14,Male
1170,28,Female
1171,32,Female
1172,93,Male
1173,26,Male
1174,35,Female
1175,28,Male
1176,37,Female
1177,56,Female
1178,96,Male
1179,26,Female
1180,54,Female
1181,32,Male
1182,67,Female
1183,85,Male
1184,65,Female
1185,9,Female
1186,4,Male
1187,73,Male
1188,96,Female
1189,37,Male
1190,12,Female
1191,30,Male
1192,46,Female
1193,99,Female
1194,87,Female
1195,51,Male
1196,55,Female
1197,14,Female
1198,28,Male
1199,7,Male
1200,4,Male
1201,28,Female
1202,46,Female
1203,67,Male
1204,75,Female
1205,44,Male
1206,1,Male
1207,26,Female
1208,94,Female
1209,35,Male
1210,35,Male
1211,25,Female
1212,42,Male
1213,26,Male
1214,68,Male
1215,19,Female
1216,10,Female
1217,73,Male
1218,37,Female
1219,5,Female
1220,71,Male
1221,22,Female
1222,46,Female
1223,89,Male
1224,45,Male
1225,11,Female
1226,89,Female
1227,12,Female
1228,61,Male
1229,81,Female
1230,88,Male
1231,96,Male
1232,59,Female
1233,42,Male
1234,75,Male
1235,99,Male
1236,67,Male
1237,4,Male
1238,36,Female
1239,71,Male
1240,91,Female
1241,30,Female
1242,8,Female
1243,50,Male
1244,28,Female
1245,77,Female
1246,39,Female
1247,40,Female
1248,85,Female
1249,10,Male
1250,22,Female
1251,0,Female
1252,45,Female
1253,20,Female
1254,89,Male
1255,35,Female
1256,53,Male
1257,86,Male
1258,56,Male
1259,0,Male
1260,62,Female
1261,53,Male
1262,54,Male
1263,39,Female
1264,14,Female
1265,20,Female
1266,46,Female
1267,72,Female
1268,52,Male
1269,8,Male
1270,73,Female
1271,51,Male
1272,56,Female
1273,25,Male
1274,40,Male
1275,34,Female
1276,62,Female
1277,24,Female
1278,89,Female
1279,74,Male
1280,37,Male
1281,1,Female
1282,6,Female
1283,81,Male
1284,90,Female
1285,33,Male
1286,90,Male
1287,16,Male
1288,42,Female
1289,58,Female
1290,50,Male
1291,53,Female
1292,23,Male
1293,24,Male
1294,70,Male
1295,51,Male
1296,69,Male
1297,87,Female
1298,32,Female
1299,48,Female
1300,28,Male
1301,62,Male
1302,21,Male
1303,25,Male
1304,27,Female
1305,84,Male
1306,48,Female
1307,70,Female
1308,80,Male
1309,83,Female
1310,48,Female
1311,19,Female
1312,85,Female
1313,91,Male
1314,62,Male
1315,60,Male
1316,48,Male
1317,70,Female
1318,0,Male
1319,95,Female
1320,12,Female
1321,93,Male
1322,86,Male
1323,50,Female
1324,55,Female
1325,82,Female
1326,61,Male
1327,31,Male
1328,29,Male
1329,28,Male
1330,48,Female
1331,44,Female
1332,92,Female
1333,29,Female
1334,15,Female
1335,39,Male
1336,18,Male
1337,17,Female
1338,0,Male
1339,77,Female
1340,46,Female
1341,65,Male
1342,91,Female
1343,93,Female
1344,37,Female
1345,50,Female
1346,62,Female
1347,3,Male
1348,0,Male
1349,7,Female
1350,28,Female
1351,54,Male
1352,2,Male
1353,31,Female
1354,9,Female
1355,73,Female
1356,82,Female
1357,33,Male
1358,96,Male
1359,86,Female
1360,54,Male
1361,91,Male
1362,31,Male
1363,49,Female
1364,6,Female
1365,92,Male
1366,7,Male
1367,64,Female
1368,56,Female
1369,66,Male
1370,87,Male
1371,86,Male
1372,58,Female
1373,71,Male
1374,53,Male
1375,66,Female
1376,50,Female
1377,96,Male
1378,91,Female
1379,7,Male
1380,33,Female
1381,34,Male
1382,95,Female
1383,87,Male
1384,77,Female
1385,31,Female
1386,45,Female
1387,15,Female
1388,67,Female
1389,36,Male
1390,53,Male
1391,84,Female
1392,13,Male
1393,94,Female
1394,54,Female
1395,47,Male
1396,81,Female
1397,6,Male
1398,73,Female
1399,6,Male
1400,32,Male
1401,22,Female
1402,84,Female
1403,18,Female
1404,18,Female
1405,35,Male
1406,28,Female
1407,59,Male
1408,81,Female
1409,1,Female
1410,0,Female
1411,46,Female
1412,68,Male
1413,19,Female
1414,10,Male
1415,1,Female
1416,66,Male
1417,86,Female
1418,11,Female
1419,19,Male
1420,4,Male
1421,36,Female
1422,37,Male
1423,93,Male
1424,8,Male
1425,97,Male
1426,52,Female
1427,43,Female
1428,98,Male
1429,85,Male
1430,23,Male
1431,80,Male
1432,73,Male
1433,29,Male
1434,58,Male
1435,86,Female
1436,95,Male
1437,80,Female
1438,80,Female
1439,13,Female
1440,8,Female
1441,39,Female
1442,65,Female
1443,24,Female
1444,72,Female
1445,21,Female
1446,3,Female
1447,25,Male
1448,57,Male
1449,28,Male
1450,97,Female
1451,86,Female
1452,36,Female
1453,74,Female
1454,69,Male
1455,17,Male
1456,84,Female
1457,41,Female
1458,99,Female
1459,40,Male
1460,37,Female
1461,33,Female
1462,16,Female
1463,36,Female
1464,24,Female
1465,75,Male
1466,86,Female
1467,85,Female
1468,84,Female
1469,26,Female
1470,56,Male
1471,30,Male
1472,5,Female
1473,90,Female
1474,39,Female
1475,97,Male
1476,11,Female
1477,52,Female
1478,70,Female
1479,9,Male
1480,44,Female
1481,16,Female
1482,25,Male
1483,84,Female
1484,91,Female
1485,61,Female
1486,45,Male
1487,63,Male
1488,1,Male
1489,53,Male
1490,64,Male
1491,50,Female
1492,52,Male
1493,35,Female
1494,25,Female
1495,28,Female
1496,20,Female
1497,10,Female
1498,39,Female
1499,10,Male
1500,35,Male
1501,58,Female
1502,38,Female
1503,98,Male
1504,53,Female
1505,97,Female
1506,54,Male
1507,23,Female
1508,21,Female
1509,68,Male
1510,55,Female
1511,32,Male
1512,35,Female
1513,19,Male
1514,82,Male
1515,98,Female
1516,80,Female
1517,61,Male
1518,97,Male
1519,72,Female
1520,25,Male
1521,65,Male
1522,72,Male
1523,72,Male
1524,39,Female
1525,16,Female
1526,0,Male
1527,88,Female
1528,60,Male
1529,42,Female
1530,41,Female
1531,24,Male
1532,38,Female
1533,34,Female
1534,2,Male
1535,43,Male
1536,50,Male
1537,93,Female
1538,97,Female
1539,11,Female
1540,18,Female
1541,43,Female
1542,58,Female
1543,48,Female
1544,60,Male
1545,16,Female
1546,73,Female
1547,56,Male
1548,54,Female
1549,46,Male
1550,11,Male
1551,61,Female
1552,79,Male
1553,87,Male
1554,82,Male
1555,7,Female
1556,94,Male
1557,20,Female
1558,80,Male
1559,86,Female
1560,79,Female
1561,69,Male
1562,71,Male
1563,24,Male
1564,81,Female
1565,88,Male
1566,11,Male
1567,14,Male
1568,58,Male
1569,25,Male
1570,25,Female
1571,46,Female
1572,31,Male
1573,9,Female
1574,15,Male
1575,70,Female
1576,16,Female
1577,22,Female
1578,25,Female
1579,84,Male
1580,85,Female
1581,6,Female
1582,13,Male
1583,78,Female
1584,6,Male
1585,8,Female
1586,47,Male
1587,71,Male
1588,58,Female
1589,86,Female
1590,92,Male
1591,81,Male
1592,94,Female
1593,93,Male
1594,38,Male
1595,98,Female
1596,17,Female
1597,58,Male
1598,16,Female
1599,13,Female
1600,30,Female
1601,23,Female
1602,98,Male
1603,59,Male
1604,44,Male
1605,97,Female
1606,2,Male
1607,36,Female
1608,42,Male
1609,39,Male
1610,89,Female
1611,54,Male
1612,86,Male
1613,38,Female
1614,14,Male
1615,3,Female
1616,92,Female
1617,85,Male
1618,24,Female
1619,12,Male
1620,81,Male
1621,32,Male
1622,15,Male
1623,41,Female
1624,65,Male
1625,54,Female
1626,98,Female
1627,41,Female
1628,33,Male
1629,29,Male
1630,12,Female
1631,12,Male
1632,17,Male
1633,31,Male
1634,95,Male
1635,98,Female
1636,38,Male
1637,45,Male
1638,28,Male
1639,61,Female
1640,92,Female
1641,61,Male
1642,56,Female
1643,15,Female
1644,55,Female
1645,9,Female
1646,29,Male
1647,24,Male
1648,83,Male
1649,4,Male
1650,64,Female
1651,93,Male
1652,48,Male
1653,2,Female
1654,44,Female
1655,13,Male
1656,29,Male
1657,67,Male
1658,17,Female
1659,61,Male
1660,36,Male
1661,24,Male
1662,47,Male
1663,64,Female
1664,52,Male
1665,78,Male
1666,72,Female
1667,14,Female
1668,48,Male
1669,87,Female
1670,67,Female
1671,11,Female
1672,58,Male
1673,36,Female
1674,60,Male
1675,42,Male
1676,69,Male
1677,38,Male
1678,55,Female
1679,62,Male
1680,45,Male
1681,87,Female
1682,10,Male
1683,61,Male
1684,76,Male
1685,97,Male
1686,24,Male
1687,70,Female
1688,51,Male
1689,3,Male
1690,58,Female
1691,71,Female
1692,19,Male
1693,92,Female
1694,62,Male
1695,53,Male
1696,73,Male
1697,97,Male
1698,56,Female
1699,89,Male
1700,40,Female
1701,2,Male
1702,5,Female
1703,4,Female
1704,4,Female
1705,53,Male
1706,46,Female
1707,86,Male
1708,48,Female
1709,8,Female
1710,98,Female
1711,19,Male
1712,60,Male
1713,34,Male
1714,49,Male
1715,81,Female
1716,61,Female
1717,16,Female
1718,87,Male
1719,2,Female
1720,31,Female
1721,98,Female
1722,12,Female
1723,88,Male
1724,72,Female
1725,67,Male
1726,13,Male
1727,97,Male
1728,10,Female
1729,55,Female
1730,66,Female
1731,91,Female
1732,28,Male
1733,8,Male
1734,66,Male
1735,24,Male
1736,97,Male
1737,75,Male
1738,41,Male
1739,8,Female
1740,78,Male
1741,39,Female
1742,24,Female
1743,4,Male
1744,10,Male
1745,58,Male
1746,97,Male
1747,87,Female
1748,78,Male
1749,37,Male
1750,71,Male
1751,4,Female
1752,47,Female
1753,89,Female
1754,17,Male
1755,69,Female
1756,36,Female
1757,59,Female
1758,47,Female
1759,76,Male
1760,27,Female
1761,68,Female
1762,76,Male
1763,80,Male
1764,39,Female
1765,44,Male
1766,95,Female
1767,61,Female
1768,92,Female
1769,57,Male
1770,66,Female
1771,55,Male
1772,39,Male
1773,97,Male
1774,39,Female
1775,90,Male
1776,76,Female
1777,32,Female
1778,5,Female
1779,87,Female
1780,18,Male
1781,79,Female
1782,39,Male
1783,91,Female
1784,96,Male
1785,58,Male
1786,58,Female
1787,47,Male
1788,40,Male
1789,12,Female
1790,44,Female
1791,88,Female
1792,52,Male
1793,41,Female
1794,99,Male
1795,62,Female
1796,26,Female
1797,37,Female
1798,59,Male
1799,6,Male
1800,4,Male
1801,44,Male
1802,57,Male
1803,30,Female
1804,22,Male
1805,41,Female
1806,9,Male
1807,31,Female
1808,52,Female
1809,29,Male
1810,38,Male
1811,30,Female
1812,81,Male
1813,99,Female
1814,1,Female
1815,77,Female
1816,76,Male
1817,92,Female
1818,11,Female
1819,38,Female
1820,65,Male
1821,95,Female
1822,12,Male
1823,45,Female
1824,26,Male
1825,16,Female
1826,94,Male
1827,97,Female
1828,59,Female
1829,63,Female
1830,87,Male
1831,34,Male
1832,69,Female
1833,82,Male
1834,29,Female
1835,70,Female
1836,73,Female
1837,95,Male
1838,97,Female
1839,62,Female
1840,27,Male
1841,59,Female
1842,78,Male
1843,93,Male
1844,36,Male
1845,92,Male
1846,21,Female
1847,67,Male
1848,19,Male
1849,95,Male
1850,99,Female
1851,67,Female
1852,90,Male
1853,63,Male
1854,16,Female
1855,11,Male
1856,21,Male
1857,16,Male
1858,9,Female
1859,64,Male
1860,21,Male
1861,89,Male
1862,81,Female
1863,49,Male
1864,13,Female
1865,63,Male
1866,46,Male
1867,28,Female
1868,75,Male
1869,35,Female
1870,98,Female
1871,51,Female
1872,75,Male
1873,6,Female
1874,28,Male
1875,10,Female
1876,32,Female
1877,5,Female
1878,78,Male
1879,31,Female
1880,50,Male
1881,74,Female
1882,57,Male
1883,86,Male
1884,25,Female
1885,97,Female
1886,45,Male
1887,97,Female
1888,28,Male
1889,3,Male
1890,80,Male
1891,98,Male
1892,12,Male
1893,38,Female
1894,14,Male
1895,28,Male
1896,28,Female
1897,74,Male
1898,31,Male
1899,1,Female
1900,46,Female
1901,77,Female
1902,83,Female
1903,21,Female
1904,74,Male
1905,26,Female
1906,66,Male
1907,80,Female
1908,55,Male
1909,91,Female
1910,92,Male
1911,20,Female
1912,46,Male
1913,79,Female
1914,58,Female
1915,83,Male
1916,5,Female
1917,18,Female
1918,56,Female
1919,68,Male
1920,2,Male
1921,0,Male
1922,57,Male
1923,37,Female
1924,14,Male
1925,33,Female
1926,60,Male
1927,34,Female
1928,63,Female
1929,24,Female
1930,23,Male
1931,11,Male
1932,17,Male
1933,14,Male
1934,79,Male
1935,26,Male
1936,71,Male
1937,59,Female
1938,45,Male
1939,88,Male
1940,16,Male
1941,92,Female
1942,52,Female
1943,7,Female
1944,78,Female
1945,26,Male
1946,45,Female
1947,49,Male
1948,70,Male
1949,2,Female
1950,92,Female
1951,63,Male
1952,43,Female
1953,52,Female
1954,23,Male
1955,59,Male
1956,2,Male
1957,19,Male
1958,45,Male
1959,14,Male
1960,24,Male
1961,93,Female
1962,77,Female
1963,70,Female
1964,16,Male
1965,83,Female
1966,99,Female
1967,8,Female
1968,37,Male
1969,47,Female
1970,59,Male
1971,62,Male
1972,85,Female
1973,1,Female
1974,87,Male
1975,71,Female
1976,10,Female
1977,63,Male
1978,76,Female
1979,80,Male
1980,71,Female
1981,20,Male
1982,17,Male
1983,93,Female
1984,63,Female
1985,81,Female
1986,94,Female
1987,37,Female
1988,31,Female
1989,10,Female
1990,44,Female
1991,88,Male
1992,32,Female
1993,40,Male
1994,7,Female
1995,10,Female
1996,85,Female
1997,50,Female
1998,87,Female
1999,40,Male
2000,16,Female
